{
  "timestamp": "2026-02-19T20:14:05.114798",
  "ground_truth_files": {
    "generation_summary_20260218_204936.json": 1771427976.4809456,
    "generation_summary_20260218_210120.json": 1771428680.0908241,
    "generation_summary_20260219_201104.json": 1771512064.7095673,
    "report_001.json": 1771511814.899105,
    "report_001_png.json": 1771511815.2487383,
    "report_002.json": 1771511914.0836613,
    "report_002_png.json": 1771511914.6859593,
    "report_003.json": 1771511953.04808,
    "report_003_png.json": 1771511953.6651778,
    "report_004_png.json": 1771511954.0832026,
    "report_005.json": 1771511990.563173,
    "report_006.json": 1771511996.7254436,
    "report_008.json": 1771512043.4781413,
    "report_009.json": 1771512064.704177,
    "report_010.json": 1771511834.5689871,
    "report_011.json": 1771511842.4791348,
    "report_012.json": 1771511846.7888477,
    "report_013.json": 1771511850.6872337,
    "report_014.json": 1771511858.5172417,
    "report_015.json": 1771511866.9769735,
    "test report (1)_ground_truth.json": 1771422787.7337835,
    "test report (10)_ground_truth.json": 1771422804.3821564,
    "test report (11)_ground_truth.json": 1771422811.046322,
    "test report (12)_ground_truth.json": 1771422814.3862615,
    "test report (13)_ground_truth.json": 1771422817.3226283,
    "test report (14)_ground_truth.json": 1771422823.537316,
    "test report (15)_ground_truth.json": 1771422830.733614,
    "test report (2)_ground_truth.json": 1771422872.4552128,
    "test report (3)_ground_truth.json": 1771422907.666981,
    "test report (4)_ground_truth.json": 1771422907.995769,
    "test report (5)_ground_truth.json": 1771422942.905605,
    "test report (6)_ground_truth.json": 1771422945.904611,
    "test report (8)_ground_truth.json": 1771422975.8143513,
    "test report (9)_ground_truth.json": 1771422991.4197264
  }
}